{"cameraMode":{"drawMode":0,"name":"Shaded","section":"Shading Mode"},"sceneLighting":false,"audioPlay":false,"sceneViewState":{"m_AlwaysRefresh":false,"showFog":true,"showSkybox":false,"showFlares":true,"showImageEffects":true,"showParticleSystems":true,"showVisualEffectGraphs":true,"m_FxEnabled":true},"in2DMode":false,"pivot":{"x":2.980232238769531e-7,"y":1.2031384706497193,"z":0.5876126289367676},"rotation":{"x":-0.21752110123634339,"y":0.018152303993701936,"z":-0.004040100146085024,"w":-0.975897490978241},"size":1.3325254917144776,"orthographic":false}