{"cameraMode":{"drawMode":0,"name":"Shaded","section":"Shading Mode"},"sceneLighting":false,"audioPlay":false,"sceneViewState":{"m_AlwaysRefresh":false,"showFog":true,"showSkybox":false,"showFlares":true,"showImageEffects":true,"showParticleSystems":true,"showVisualEffectGraphs":true,"m_FxEnabled":true},"in2DMode":false,"pivot":{"x":2.384185791015625e-7,"y":1.2031383514404297,"z":2.487612724304199},"rotation":{"x":-0.0737425684928894,"y":-0.00239796401001513,"z":0.00015919121506158262,"w":-0.997299313545227},"size":2.917149066925049,"orthographic":false}