{"cameraMode":{"drawMode":0,"name":"Shaded","section":"Shading Mode"},"sceneLighting":true,"audioPlay":false,"sceneViewState":{"m_AlwaysRefresh":false,"showFog":true,"showSkybox":true,"showFlares":true,"showImageEffects":true,"showParticleSystems":true,"showVisualEffectGraphs":true,"m_FxEnabled":true},"in2DMode":false,"pivot":{"x":-1.1920928955078126e-7,"y":2.1981277465820314,"z":-1.1920928955078126e-7},"rotation":{"x":0.07498402148485184,"y":0.453498512506485,"z":-0.038325365632772449,"w":0.8872803449630737},"size":5.2897748947143559,"orthographic":false}