{"cameraMode":{"drawMode":0,"name":"Shaded","section":"Shading Mode"},"sceneLighting":true,"audioPlay":false,"sceneViewState":{"m_AlwaysRefresh":false,"showFog":true,"showSkybox":true,"showFlares":true,"showImageEffects":true,"showParticleSystems":true,"showVisualEffectGraphs":true,"m_FxEnabled":true},"in2DMode":false,"pivot":{"x":0.012890726327896119,"y":0.02386389672756195,"z":-0.014308854937553406},"rotation":{"x":0.07498402148485184,"y":0.453498512506485,"z":-0.038325365632772449,"w":0.8872803449630737},"size":0.20004993677139283,"orthographic":false}