{"cameraMode":{"drawMode":0,"name":"Shaded","section":"Shading Mode"},"sceneLighting":true,"audioPlay":false,"sceneViewState":{"m_AlwaysRefresh":false,"showFog":true,"showSkybox":true,"showFlares":true,"showImageEffects":true,"showParticleSystems":true,"showVisualEffectGraphs":true,"m_FxEnabled":true},"in2DMode":false,"pivot":{"x":2.8312206268310549e-7,"y":0.17813844978809358,"z":-0.012387380003929139},"rotation":{"x":-0.2128801941871643,"y":0.05039023235440254,"z":-0.010990980081260205,"w":-0.97573322057724},"size":1.189774990081787,"orthographic":false}