{"cameraMode":{"drawMode":0,"name":"Shaded","section":"Shading Mode"},"sceneLighting":false,"audioPlay":false,"sceneViewState":{"m_AlwaysRefresh":false,"showFog":true,"showSkybox":false,"showFlares":true,"showImageEffects":true,"showParticleSystems":true,"showVisualEffectGraphs":true,"m_FxEnabled":true},"in2DMode":false,"pivot":{"x":2.384185791015625e-7,"y":1.2031383514404297,"z":2.487612724304199},"rotation":{"x":-0.04697367548942566,"y":-0.07096859812736511,"z":0.0033361318055540325,"w":-0.9964130520820618},"size":2.6171491146087648,"orthographic":false}